,Unnamed: 0,신체기능/기관,Q&A,개별인정형기능성원료,고시형기능성원료
0,0,장,"[{'질문': '장 건강이란 무엇일까요?', '답변': {0: '우리가 섭취한 음식물은 위, 소장 그리고 대장을 거쳐서 항문으로 배설됩니다. 위에서 음식물이 소화되고, 소장에서 대부분이 흡수되며, 대장에서 장내세균에 의하여 분해되어 배설되게 됩니다. 따라서 이 기능들이 적절하게 유지될 때 건강한 장이라고 할 수 있습니다.'}}, {'질문': '장 건강이 왜 중요할까요?', '답변': {0: '사람의 장에는 100종류 이상, 약 100조 이상의 균이 살고 있습니다. 이 균들은 우리가 섭취한 음식물을 먹고 함께 살아가는데, 건강한 장을 유지하려면 장내에서의 유익한 균과 유해한 균의 비율이 매우 중요합니다. 즉 장내에 유익균이 많고 유해균이 적은, 바람직한 장내세균총이 자리 잡아야 건강한 장을 유지할 수 있습니다. 그러나 여러 이유로 인해 정상세균총의 균형이 깨지면, 장의 기능을 제대로 못할 뿐만 아니라 설사와 면역능력 저하를 유발하기 때문에 장 건강이 중요합니다.'}}, {'질문': '장 기능이 저하되는 원인은 무엇일까요?', '답변': {0: '장은 나이, 바람직하지 않은 식생활, 배변습관 등의 요인으로 그 기능이 저하될 수 있습니다.대장균과 같은 유해한 균은 영양분을 가지고 유독물질(암모니아, 아민 등)을 만들어냅니다. 이 유독물질은 다시 장에서 흡수되고, 우리 몸에 독성을 나타내어, 건강에 위험요인으로 작용합니다.정제 설탕 및 인스턴트식품, 수분이 적은 과자류, 과도한 육식, 항생제 복용, 스트레스, 술과 담배 등도 장 기능을 저하시키는 원인이 됩니다.'}}, {'질문': '장 건강을 위한 일상적인 방법은 무엇일까요?', '답변': {0: '장 건강을 위해서는 장내에 존재하는 음식 찌꺼기들이 원활하게 밖으로 배출되도록 하는 것이 중요합니다. 즉 배변활동이 원활하여야 깨끗한 장내 환경을 만들 수 있는데, 배설물 양이 많아야 장벽을 자극하여 장의 연동운동이 촉진될 수 있습니다. 식이섬유 등의 섭취는 배설물의 부피를 늘려 원활한 배변활동을 유지시키도록 도와줍니다.유익균은 바람직한 장내 세균총을 이루도록 도와주므로 우유(젖산)를 포함한 유산균 음료나 발효식품을 섭취하는 것이 좋습니다. 또한 설탕 대신에 올리고당을 사용하는 것도 장내 유익균을 증가시켜 장건강에 도움을 줍니다.'}}, {'질문': '장 건강과 관련된 건강기능식품은 우리 몸에 어떤 도움을 줄까요?', '답변': {0: '유산균/비피더스균 등을 함유한 건강기능식품은 장에 유익한 균을 공급해 줍니다. 유익한 균은 유기산을 만들어 장을 산성화 시켜주기 때문에, 산성에 약한 유해균의 성장을 저해하여 바람직한 장내세균총이 자리 잡을 수 있도록 도와줍니다. 또한 유해균이 생성하는 유독물질의 생성을 감소시키고, 비타민을 합성하여 영양소를 보충해 줄 수 있습니다.', 1: '소화되지 않는 당질은 소장에서 흡수되지 않고 대장에 도달한 후 유익한 균의 좋은 영양공급원이 됩니다. 따라서 식이섬유/프락토올리고당 등을 함유한 건강기능식품은 대장 내의 유익한 균의 성장을 촉진하고, 유해균의 성장을 방해하여, 장내 환경을 개선하는데 도움을 줄 수 있습니다.', 2: '식이섬유 등 소화되지 않는 물질이 장내에 많아지면 배변양도 많아지고, 수분을 많이 함유하게 되어 부드러워져 원활한 배변활동에 도움을 줄 수 있습니다. 목이버섯 등을 함유한 건강기능식품은 배변활동을 개선하여, 장건강에 도움을 줄 수 있습니다.'}}]","['프로바이오틱스 드시모네', '이소말토올리고당', '대두올리고당', '커피만노올리고당분말', '락추로스파우더', '자일로올리고당', '밀전분유래 난소화성말토덱스트린', '무화과페이스트', '쇠비름주정추출분말(KDC16-2)', '갈락토올리고당분말(BimunoⓇGOS powder)', '자일로올리고당(xylooligosaccharide) 분말']","['알로에 전잎', '구아검/구아검가수분해물', '글루코만난(곤약,곤약만난)', '난소화성말토덱스트린', '대두식이섬유', '목이버섯식이섬유', '밀식이섬유', '보리식이섬유', '아라비아검(아카시아검)', '이눌린/치커리 추출물', '차전자피식이섬유', '폴리덱스트로스', '알로에 겔', '프락토올리고당', '프로바이오틱스', '라피노스', '분말한천']"
1,1,혈당조절,"[{'질문': '혈당이란 무엇일까요?', '답변': {0: '혈당이란 혈액 속에 포함되어 있는 포도당을 의미합니다. 온몸으로 공급된 혈당은 인슐린이라는 호르몬의 도움을 받아 세포 내부로 들어가 에너지를 만들어냅니다.'}}, {'질문': '혈당조절이 왜 중요할까요?', '답변': {0: '우리 몸이 정상적인 기능을 유지하려면 반드시 에너지가 필요합니다. 육체적인 활동뿐만 아니라, 잠을 자거나, 숨을 쉬거나, 생각을 할 때에도, 에너지가 있어야 제 기능을 할 수 있습니다. 따라서 몸 안의 세포는 혈액으로 흐르는 영양소를 이용하여 끊임없이 에너지를 만들어야 합니다. 그 중 가장 효율적으로 에너지를 만드는 원료는 포도당으로 특히 적혈구와 뇌세포의 경우 반드시 에너지원으로 포도당을 사용해야하므로 혈당 공급이 더욱더 중요합니다. 따라서 혈당이 항상 일정수준으로 유지되어야 우리 몸이 에너지를 원활하게 공급 받을 수 있게 됩니다.* 혈당은 어느 정도로 유지하면 될까요? '}}, {'질문': '혈당유지에 해로운 요인은 무엇일까요?', '답변': {0: '정상적인 상태에서는 식사 후 혈당이 일시적으로 올라가지만, 인슐린에 의하여 다시 정상 수준으로 내려가게 됩니다. 그러나 췌장에서 인슐린 분비에 이상이 있거나 분비가 되더라도 그 기능을 제대로 하지 못하는 경우 식사 후 혈당이 정상 수준으로 내려가지 않게 됩니다. 즉 우리 몸에서 포도당을 에너지로 쓰지 못하고 밖으로 배출하게 됩니다. 정상보다 높은 혈당이 지속되면 혈액을 통해 운반되는 조절물질의 이동을 방해하거나 적혈구와 백혈구의 기능을 떨어뜨리고 신장에 부담을 주기도 합니다. 동물성 지방 및 설탕이 많이 들어 있는 식품, 과식, 과체중, 운동 부족, 약물투여, 임신, 스트레스 등이 정상 혈당유지에 방해가 되기도 합니다. '}}, {'질문': '혈당조절을 위한 일상적인 방법은 무엇일까요?', '답변': {0: '식이 조절은 식사 후 혈당을 정상수준으로 유지하는데 중요한 역할을 합니다. 소화 흡수가 빠른 과일, 설탕, 꿀, 청량음료 등 단순당은 혈당을 급격하게 높여 좋지 않은 반면에, 식이섬유소가 풍부한 잡곡, 현미, 채소 등은 당질의 흡수를 천천히 하도록 하여 혈당을 서서히 높여 혈당 조절에 도움을 줍니다. 천천히 먹는 습관이나 과식하지 않는 습관 또한 정상 혈당 유지에 영향을 미칩니다. '}}, {'질문': '혈당조절과 관련된 건강기능식품은 우리 몸에 어떤 도움을 줄까요?', '답변': {0: '포도당을 세포에서 이용할 수 있게 하려면 혈액에 있는 포도당이 원활하게 세포로 들어가야 합니다. 또한, 식후의 급격한 혈당 상승을 억제하여 높은 혈당으로 부터의 위험을 줄여야 합니다. 난소화성말토덱스트린, 구아바잎추출물 등이 함유된 건강기능식품은 장내 탄수화물 분해효소를 억제하거나 또는 인슐린 저항성 등을 개선시켜 정상적인 혈당 유지에 도움을 줄 수 있습니다.'}}]","['솔잎증류농축액', '콩발효추출물', '알부민', 'nopal추출물', '동결건조누에분말', '지각상엽 추출 혼합물', '서목태(쥐눈이콩) 펩타이드 복합물', '인삼가수분해농축액', '타가토스', '히드록시프로필메틸셀룰로오스', '상엽추출물', 'L-arabinose', '세리포리아락세라타 균사체 배양물', '씨폴리놀 감태주정추출물', '키토올리고당', '미숙여주주정추출분말', 'PMO 참밀알부민', '토치대두발효추출물']","['구아바잎 추출물', '바나바잎 추출물', '달맞이꽃종자 추출물', '구아검/구아검가수분해물', '귀리식이섬유', '난소화성말토덱스트린', '대두식이섬유', '밀식이섬유', '옥수수겨식이섬유', '이눌린/치커리추출물', '호로파종자식이섬유']"
2,2,관절 뼈,"[{'질문': '관절/뼈 건강이란 무엇일까요?', '답변': {0: '관절은 두 개의 뼈가 연결된 부분으로 관절연골로 둘러싸여 있습니다. 또한 뼈는 칼슘과 인이 석회화된 단단한 조직으로 몸을 지탱하고 보호하는 중요한 역할을 합니다. 관절연골이 손실되지 않고 건강한 상태를 유지하여 관절을 부드럽게 움직이며, 정상적인 뼈의 분해와 재형성이 일어나는 것을 건강한 관절/뼈라고 합니다.'}}, {'질문': '관절/뼈 건강이 왜 중요할까요?', '답변': {0: '체내 칼슘이 부족하거나 여러 가지 외부 요인으로 인해 뼈의 분해와 재형성 균형이 깨지게 되면 골다공증, 골관절염 등 골 관련 질환이 생길 수 있습니다. 따라서 관절/뼈 건강을 유지하는 것이 중요합니다.'}}, {'질문': '관절/뼈 이상의 원인은 무엇일까요?', '답변': {0: '칼슘과 단백질의 부족, 폐경으로 인한 호르몬의 불균형, 과체중 또는 신체 활동량의 감소 등으로 인해 관절/뼈에 이상이 올 수 있습니다.스테로이드제의 과다복용, 잦은 가공식품 섭취 또는 과도한 흡연 및 음주 등의 습관은 관절/뼈에 무리를 줄 수 있습니다. '}}, {'질문': '관절/뼈 건강을 유지하기위한 일상적인 방법은 무엇일까요?', '답변': {0: '건강한 관절/뼈를 유지하기 위해서는 칼슘 및 비타민D가 풍부한 식품을 충분히 섭취해야 합니다. 또한, 규칙적인 운동을 통하여 관절/뼈가 기능을 유지할 수 있도록 합니다.'}}, {'질문': '관절/뼈 건강과 관련된 건강기능식품은 우리 몸에 어떤 도움을 줄까요?', '답변': {0: '대두이소플라본을 원료로 하는 건강기능식품은 골 흡수 및 골 형성의 균형을 통해 뼈 기능을 개선시킬 수 있습니다. 또한 뮤코다당 · 단백, 글루코사민, N-아세틸글루코사민을 원료로 하는 건강기능식품은 연골의 구성성분 합성 증가 및 연골기질분해 억제 등을 통해 관절 및 연골 기능을 개선시킬 수 있습니다. 한편, 초록입홍합추출오일복합물, 지방산복합물, 호프추출물 등을 원료로 하는 건강기능식품은 관절에서 염증을 유발하는 원료의 생성 억제로 통증 감소 및 관절기능을 개선시키는 데 도움을 줄 수 있습니다.', 1: '초록입홍합추출오일복합물/유니베스틴케이황금 등 복합추출물 등을 원료로 하는 건강기능식품은 관절에서 염증을 유발하는 물질 또는 이를 주로 생성하는 세포의 수를 감소시켜 관절건강에 도움을 줄 수 있습니다. '}}]","['초록입홍합추출오일', '황금 등 복합물', '로즈힙분말', '차조기등복합추출물', '지방산복합물 FAC', '호프추출물', '비즈왁스알코올', '전칠삼추출물 등 복합물', '가시오갈피 등 복합추출물', '강황추출물(터마신)', '보스웰리아추출물', 'CMO 함유 FAC (Fatty acid complex)', '까마귀쪽나무 열매 주정추출물', '참당귀추출분말(Nutragen)', '닭가슴연골분말(UC-II)', '가시오가피숙지황 복합추출물', '유단백추출물', '우슬 등 복합물(HL-Joint100)', '연어이리추출물(PRP연어핵산)', '초록입홍합추출오일복합물', '콘드로이친', '발효우슬등복합물', '리프리놀-초록입홍합추출오일']","['대두이소플라본', '글루코사민', 'NAG(엔에이지, N-아세틸글루코사민, N-Acetylglucosamine)', '뮤코다당‧단백', '엠에스엠(MSM,Methyl sulfonylmethane,디메틸설폰)', '인삼']"
3,3,콜레스테롤,"[{'질문': '콜레스테롤이란 무엇일까요?', '답변': {0: ""콜레스테롤은 지방의 일종으로 인체의 기능을 정상적으로 유지시키는데 필수적으로 필요한 구성 성분입니다. 콜레스테롤은 다섯 종류로 나뉘는데 이중 ‘좋은 콜레스테롤’이라 불리는 HDL과 '나쁜 콜레스테롤'로 불리는 LDL이 중요하게 다뤄집니다.(HDL은 높을수록, LDL은 낮을수록 좋습니다.) 콜레스테롤은 혈액을 돌면서 필요한 곳에 쓰이거나, 담즙의 원료로 이용되어, 장으로 배출되기도 합니다. 그러나 여러 가지 이유로 조절능력이 떨어지거나, 동물성 지방이나 지방이 많은 가공식품을 과량 섭취할 경우, 콜레스테롤이 여러 기관(특히 혈관)에 축적되어 건강에 해롭습니다. ""}}, {'질문': '콜레스테롤 개선이 왜 중요할까요?', '답변': {0: '콜레스테롤은 인체에 필요한 필수 영양소로서 체내에서 일정량 합성되지만, 많으면 건강에 해롭습니다. 혈액 속의 콜레스테롤 농도가 높으면 동맥경화의 원인이 되거나 협심증, 심근경색증(허혈성 심장병이라고도 한다) 등의 심장질환과 뇌졸중, 고혈압 등의 뇌혈관 질환이 발생할 가능성이 높습니다. 또한 이런 질병들은 최근 발생하는 주요 사망원인이기도 하기 때문에 무엇보다 이러한 질병에 대한 이해와 예방, 조기 진료가 필요합니다.* 혈액 중 콜레스테롤은 어느 정도 수준으로 유지하면 될까요? '}}, {'질문': '고 콜레스테롤 혈증의 원인은 무엇일까요?', '답변': {0: '유전적 요인, 식사나 약제, 갑상선 기능 저하증, 신증후군 등의 질환에 의해 발생할 수 있습니다. 음식으로부터의 콜레스테롤 섭취는 많은 반면 신체 소비량은 감소하게 되면 LDL 농도가 높아져 혈액 중 콜레스테롤 농도가 높아집니다. 흡연, 커피, 술 등도 영향을 미칠 수 있습니다. '}}, {'질문': '콜레스테롤 개선을 위한 일상적인 방법은 무엇일까요?', '답변': {0: '콜레스테롤이 많이 함유된 식품(동물성 지방, 난황, 생선 알, 뱅어포 등)섭취를 줄이는 것이 중요합니다. 지방을 섭취할 경우 포화지방산이 많이 함유된 육류, 버터, 마가린, 쇼트닝, 팜유 등은 피하는 것이 좋습니다. 또한 콜레스테롤의 배출에 도움이 되는 현미, 통밀, 보리 등과 콩, 채소, 과일의 섭취를 늘리는 것이 좋습니다. 적당한 운동은 콜레스테롤 조절에 많은 도움이 되며, 담배나 과식은 해로울 수 있으므로 피하는 것이 좋습니다.'}}, {'질문': '콜레스테롤 개선과 관련된 건강기능식품은 우리 몸에 어떤 도움을 줄까요?', '답변': {0: '식품으로 섭취한 콜레스테롤은 소장에서 흡수되어야 체내에서 쓰일 수 있습니다. 키토산, 키토올리고당, 식물스테롤 등을 함유한 건강기능식품은 소장에서 흡수되기 어렵도록 콜레스테롤과 결합하거나, 콜레스테롤과 구조가 유사하여 흡수를 방해할 수 있습니다. 이렇게 흡수되지 못한 콜레스테롤은 변으로 배출되므로, 콜레스테롤의 수치를 낮추는데 도움을 줄 수 있습니다. ', 1: '우리 몸의 과량의 콜레스테롤이 배출되는 방법은, 간에서 담즙산의 원료로 이용되어, 소장으로 분비되는 것입니다. 소장에서 지방의 소화를 도와주는 담즙산은, 대부분 다시 흡수되는데, 이 때 재흡수를 방해하여, 배설을 촉진할 수 있습니다. 따라서 배출된 만큼의 담즙산을 만들기 위해, 간에서 콜레스테롤을 이용하므로, 콜레스테롤 수치를 낮추는데 도움을 줄 수 있습니다. ', 2: '식품으로 섭취하는 것 외에 우리 몸에서도 콜레스테롤을 만드는데, 이 과정에서 특정 효소(HMG-CoA reductase)가 콜레스테롤을 만드는 속도를 조절합니다. 홍국 등을 함유한 건강기능식품은 콜레스테롤 합성에 필요한 효소의 작용을 어렵게 하여, 콜레스테롤의 합성을 방해할 수 있습니다. 따라서 혈중 콜레스테롤의 수치를 낮추는데 도움을 줄 수 있습니다. ', 3: '혈액 중의 LDL의 비율이 높으면 혈관손상의 위험이 높고 HDL의 비율이 높으면 혈중 콜레스테롤 수치를 낮출 수 있습니다. 감마리놀렌산/레시틴/대두단백 등을 함유한 건강기능식품은 지단백(HDL, LDL 등)이 콜레스테롤을 운반하는 과정 중 여러 효소를 조절하여 혈중 HDL의 수치를 높이거나 LDL의 수치를 낮추는데 도움을 줄 수 있습니다. '}}]","['사탕수수왁스알코올', '식물스타놀에스테르', '아마인', '보이차추출물', '홍국쌀', '보리베타글루칸추출물', '창녕양파추출액', '씨폴리놀 감태주정추출물', '적포도발효농축액', '복분자 추출물(RE-20)']","['클로렐라', '스피루리나', '녹차추출물', '감마리놀렌산 함유 유지', '레시틴', '식물스테롤/식물스테롤에스테르', '구아검/구아검가수분해물', '글루코만난(곤약,곤약만난)', '귀리식이섬유', '대두식이섬유', '옥수수겨식이섬유', '이눌린/치커리 추출물', '차전자피식이섬유', '키토산/키토올리고당', '홍국', '대두단백', '마늘']"
4,4,체지방 감소,"[{'질문': '체지방이란 무엇일까요?', '답변': {0: '우리가 섭취하는 음식은 작은 알갱이로 소화되어 장에서 흡수됩니다. 흡수된 영양소들은 이동하면서 필요한 부분에 쓰이게 됩니다. 사용하고 남은 영양소 일부는 비상에너지로 간이나 근육에 저장되고, 나머지는 우리 몸에 지방의 형태로 축적됩니다. 이렇게 저장된 체지방은 우리 몸을 보호하며, 에너지가 부족할 경우 공급원이 되기도 합니다.'}}, {'질문': '체지방 감소가 왜 중요할까요?', '답변': {0: '체지방이 과도한 경우 에너지를 생산하는 호르몬에 변화가 일어나고, 혈관기능, 혈당조절, 간 기능 등에 이상이 초래될 수 있습니다. 따라서 체지방이 과도한 경우 적정수준 감량을 통해 일정량의 에너지를 생산하여 체력을 유지하는 것이 중요합니다. '}}, {'질문': '체지방이 증가하는 원인 무엇일까요?', '답변': {0: '간식 또는 외식 습관으로 고열량의 음식을 많이 섭취하거나 빠르게 식사를 하는 경우, 활동량이 적은 경우 체지방이 증가될 수 있습니다.'}}, {'질문': '체지방 감소를 위한 일상적인 방법은 무엇일까요?', '답변': {0: '우리 몸에 과도하게 쌓인 체지방을 줄이려면 체지방을 에너지로 이용해야 하며, 가장 효과적인 방법 중 하나가 운동입니다. 활동에 필요한 에너지가 부족할 때 몸에 축적된 비상에너지를 쓰는데 이 과정에서 먼저 포도당을 이용하고 그 다음 체지방을 이용하게 됩니다. 따라서 운동을 20분 이상 규칙적으로 할 경우 체지방 감소에 가장 효과적입니다.\r\t\t\t\t\t\t체지방은 섭취에너지가 활동에너지보다 더 많을 경우 우리 몸에 쌓이게 됩니다. 따라서 과식과 간식 등 부적절한 식사를 자제하는 반면, 비교적 열량이 낮지만 포만감을 주는 채소 등의 식품을 섭취하여 섭취 에너지양을 줄입니다.'}}, {'질문': '체지방 감소와 관련된 건강기능식품은 우리 몸에 어떤 도움을 줄까요?', '답변': {0: '식이섬유 등을 함유한 건강기능식품은 당질과 지방의 소화를 도와주는 효소를 방해하거나, 소장에서의 흡수를 어렵게 하여 섭취에너지를 줄이는 역할을 할 수 있습니다. 따라서 체지방으로 합성되는 여분의 에너지를 줄여 체지방 감소에 도움을 줄 수 있습니다. 또한, 우리가 섭취하는 에너지 중 쓰고 남는 것은 간에서 다시 지방산으로 합성되며 신체 각 부위의 지방세포에 체지방 형태로 저장됩니다. 공액리놀렌산 등을 함유한 건강기능식품은 여분의 에너지를 지방으로 합성하는 과정을 방해하여 체지방 감소에 도움을 줄 수 있습니다. 한편, 체지방이 세포에서 에너지원으로 쓰이기 위해서는 카르니틴/지방분해 효소 등의 특정 물질이 필요합니다. 히비스커스 등 복합추출물/가르시니아캄보지아 등을 함유한 건강기능식품은 이 특정 물질을 조절해 지방을 에너지로 사용하도록 도움을 줄 수 있습니다. '}}]","['식물성유지 디글리세라이드', '보이차추출물', '레몬 밤 추출물 혼합분말', '대두배아추출물등복합물', '그린마테추출물', '락토페린(우유정제단백질)', '미역등복합추출물(잔티젠)', '중쇄지방산(MCFA)함유 유지', '콜레우스포스콜리추출물', '깻잎추출물(PF501)', 'Lactobacillus gasseri BNR17', '서목태(쥐눈이콩) 펩타이드 복합물', '발효식초석류복합물', '와일드망고 종자추출물(IGOB131)', '그린커피빈추출물', '풋사과추출물 애플페논(Applephenon)', 'L-카르니틴 타르트레이트', '핑거루트추출분말', '핑거루트추출분말(판두라틴)', '돌외잎주정추출분말', '히비스커스등복합추출물', '그린커피빈주정추출물', '시서스추출물', 'Lactobacillus 복합물 HY7601+KY1032', '우뭇가사리추출물', '자몽추출물 등 복합물(Sinetrol)', '해국추출물', 'Green Mate Extract EFLA® 920', '풋사과추출물애플페논', '콜레우스 포스콜리 추출물 Forslean']","['녹차추출물', '공액리놀레산', '가르시니아캄보지아껍질추출물', '키토산/키토올리고당']"
5,5,면역 기능,"[{'질문': '면역 기능이란 무엇일까요?', '답변': {0: '면역기능은 감염 등으로부터 우리 몸을 보호하는 기능을 말합니다. 이는 몸에 원래 내재된 면역과 적응에 의해 만들어진 면역 기능으로 나눌 수 있습니다.'}}, {'질문': '면역 기능이 왜 중요할까요?', '답변': {0: '면역기능은 우리 몸에 유해한 외부 물질이나 비정상적으로 변형된 세포들을 인식하고 그것들을 제거하는 기능을 의미합니다. 이렇게 함으로써 사람이 살아가는데 건강한 몸을 유지할 수 있도록 도움을 줍니다. '}}, {'질문': '면역 기능 약화의 원인 무엇일까요?', '답변': {0: '환경오염물질\r\t\t\t\t\t\t스트레스\r\t\t\t\t\t\t인스턴트식품\r\t\t\t\t\t\t포화지방산 함유 식품(튀긴 음식, 동물성 지방)\r\t\t\t\t\t\t술과 담배'}}, {'질문': '면역 기능 강화를 위한 일상적인 방법은 무엇일까요?', '답변': {0: '충분한 휴식을 취하며 숙면을 합니다. 특히 일찍 자고 일찍 일어나는 습관은 저항력을 향상시키는데 도움이 됩니다.\r\t\t\t\t\t\t하루 20분에서 30분가량의 일광욕을 합니다.\r\t\t\t\t\t\t과식과 간식은 금물하며, 카페인이 함유된 커피, 콜라나 담배, 술은 저항력을 약화시킬 수 있으니 피하도록 합니다.'}}, {'질문': '면역 기능과 관련된 건강기능식품은 우리 몸에 어떤 도움을 줄까요?', '답변': {0: '건강한 면역 기능을 유지하기 위해서는 적절한 면역세포가 제 역할을 원활히 수행해야 합니다. 인삼/홍삼 등을 함유한 건강기능식품은 필요한 면역세포를 증가시키거나 그 기능을 조절하여 면역 능력에 도움을 줄 수 있습니다.'}}]","['구아바잎추출물 등 복합물', '다래추출물', '피카오프레토분말 등 복합물', '헤모힘당귀등혼합추출물', 'L-글루타민', '청국장균배양정제물(폴리감마글루탐산칼륨)', '동충하초주정추출물', '효모베타클루칸', '인삼다당체추출물', '바이오게르마늄효모', 'Enterococcus faecalis 가열처리건조분말', '피엘에이지(PLAG, 1-palmitoyl-2-linoleoyl-3-acetyl-rac-glycerol)', '쑥부쟁이추출분말', 'L. plantarum IM76과 B. longum IM55 복합물(NVP1703)', '베타글루칸분말', '표고버섯균사체 AHCC', '실크단백질 산가수분해물(Sil-Q1)', '액상 다래추출물']","['인삼', '홍삼', '클로렐라', '알콕시글리세롤 함유 상어간유', '알로에 겔', '상황버섯 추출물']"
6,6,활성산소 제거,"[{'질문': '활성산소란 무엇일까요?', '답변': {0: '호흡을 통해 들어온 산소는 우리 몸 구석구석을 흘러 다니면서 에너지를 만드는데 쓰이게 됩니다. 에너지는 우리 몸을 구성하는 세포에서 만들어지는데, 영양소(당질, 지방)는 원료가 되고, 산소는 그 원료를 에너지로 바꾸는 역할을 합니다. 이 과정에서 흡입한 산소 중 일부가 자연적으로 활성산소로 전환되게 되는데, 활성산소는 불안정하여 주변의 세포를 공격하고 손상을 줄 수 있습니다. 즉 산소와 에너지는 인간이 살아가기 위해 필수적인 것이지만 에너지를 만드는 과정에서 우리 몸에 이로운 산소가 우리 몸에 해로운 산소로 바뀌는 것을 말합니다. '}}, {'질문': '활성산소 제거는 왜 중요할까요?', '답변': {0: '활성산소에 의해 공격 받은 세포는 기능을 잃거나 변질되기도 합니다. 세포가 생리적 기능을 잃어버린다는 것은 우리 몸의 기능을 유지할 수 없다는 것을 의미합니다. 특히 뇌세포, 혈관세포, 피부세포는 활성산소에 의해 손상 받기 쉬운 부분이기 때문에 활성산소를 제거하는 것이 중요합니다. '}}, {'질문': '과도한 활성산소의 원인은 무엇일까요?', '답변': {0: '자외선, 과량의 술과 담배, 과도한 스트레스, 환경오염물질 등으로 인해 활성산소가 급격히 증가할 수 있습니다. 또한 나이가 들어감에 따라 활성산소를 제거하는 능력이 감소되는데 이럴 경우 활성산소의 생성과 제거의 균형이 깨어지게 됩니다. 즉 우리 몸의 항상성이 깨져서, 몸 속 여기저기에서 활성산소에 의해 공격을 받게 됩니다.'}}, {'질문': '활성산소 제거를 위한 일상적인 방법은 무엇일까요?', '답변': {0: '활성산소로부터 우리 몸을 보호하려면, 항산화 물질이 많이 함유된 식품을 충분히 섭취하고, 활성산소를 증가시키는 여러 요인을 제거하는 것이 좋습니다.\r\t\t\t\t\t\t자외선과 방사선, 과량의 술과 담배, 과도한 스트레스, 환경 오염물질, 과식이나 심한 운동, 인스턴트 음식을 피하는 것이 좋습니다.'}}, {'질문': '활성산소 감소와 건강기능식품은 우리 몸에 어떤 도움을 줄까요?', '답변': {0: '우리 몸의 항산화의 유지(항상성)는 인체 내 자체 효소(SOD, CAT 등)로 유지되는 효소적 체계와 비타민 C, 비타민 E, 코엔자임Q10등의 항산화물질 섭취에 따른 비효소적체계가 있습니다. 이러한 효소와 항산화물질은 활성산소를 불활성화 시키거나 중화하여 단백질의 산화를 방지하고, DNA 손상 및 지질과산화를 억제하여 항산화를 유지시켜 줍니다.'}}]","['포도종자추출물', '피크노제놀-프랑스해안송껍질추출물', 'PME88메론추출물', '비즈왁스알코올']","['홍삼', '클로렐라', '엽록소 함유 식물', '녹차추출물', '스피루리나', '프로폴리스추출물', '코엔자임Q10', '스쿠알렌', '토마토추출물']"
7,7,피부,"[{'질문': '피부의 역할은 무엇일까요?', '답변': {0: '피부는 체내의 근육들과 기관을 보호하는 조직으로, 제일 바깥의 표피와 그 아래의 진피, 가장 아래쪽의 피하 조직으로 구성되어 있습니다. 피부가 하는 역할은 외부 환경에 대해 병원균으로부터 신체를 보호하고 체온을 조절하고 감각을 느끼는 등의 기능을 합니다.'}}, {'질문': '건강한 피부를 유지하는 것이 왜 중요할까요?', '답변': {0: '건강한 피부는 표면이 매끄럽고 윤기가 있으며 탄력과 촉촉한 느낌이 있습니다. 피부 자체가 함유하는 수분의 양은 피부 결을 좌우하는 가장 중요한 요소입니다. 즉 피부 자체의 수분이 충분하면 피부 결이 매끄럽지만, 부족하면 피부의 감촉은 거칠어집니다. 건강한 표피의 각질층은 15~20%의 수분을 함유하고 있으며 수분이 부족하면 피부가 건조해지고 윤기와 탄력이 없어져 주름이 증가하게 됩니다. 피부의 탄력이나 부드럽고 촉촉한 느낌은 피부의 가장 바깥층인 표피의 각질층에 존재하는 수분에 의해 유지됩니다. 건강하지 않고 노화된 피부에는 주름이 생기고, 탄력이 저하되며 검버섯이나 잡티 등이 생기게 됩니다. 그러므로 건강한 피부의 유지가 무엇보다 중요합니다. '}}, {'질문': '피부 노화의 원인은 무엇일까요?', '답변': {0: '피부가 노화되면 정상적인 기능이 점차 떨어지고 세포의 회복능력이 저하되어 피부에 주름이 생기고, 탄력이 저하됩니다. 특히, 햇빛이나 자외선에 피부가 노출되면 세포가 손상되어 피부재생능력이 저하됩니다. 나이가 들어감에 따라 각질층의 두께가 두꺼워지고, 각질층의 수분함유량이 감소하게 되어 피부 노화가 일어나게 됩니다.'}}, {'질문': '건강한 피부를 유지하기 위한 방법은 무엇일까요?', '답변': {0: '피부세포에 영양을 주는 식품을 먹거나 화장품을 바르면 피부세포에 활력을 줄 수 있습니다. 체내 노폐물을 배설시키고 신진대사가 활발해지면, 산소가 세포내에 공급되고 새로운 세포가 활발히 생성되어 탄력 있고 윤기 있는 피부를 만들 수 있습니다. 이를 위해 물을 충분히 섭취하고 적당한 운동으로 땀 배출을 시킵니다. 그리고 자외선, 술, 담배, 카페인, 가공식품, 인스턴트식품, 과식, 불규칙한 식사습관, 수면 부족, 스트레스 등은 피하도록 합니다. 또한 편식하지 않고 균형있는 식사를 하며, 피부를 청결하게 관리할 때 건강한 피부를 유지할 수 있습니다.'}}, {'질문': '피부 건강과 관련된 건강기능식품은 우리 몸에 어떤 도움을 줄까요?', '답변': {0: 'N-아세틸글루코사민, 히알우론산나트륨, 곤약감자추출물, 쌀겨추출물, 지초추출물은 피부의 건조 정도와 수분의 보유량 등을 개선시킴으로써 피부상태를 개선시키는데 도움을 줄 수 있습니다. ', 1: '소나무껍질추출물등 복합물, 홍삼, 사상자, 산수유 복합추출물은 햇볕 또는 자외선에 의한 피부손상으로부터 피부건강을 유지하는데 도움을 줄 수 있습니다. '}}]","['홍삼,사상자,산수유복합추출물', '핑거루트추출분말', '핑거루트추출분말(판두라틴)', '쌀겨추출물', '지초추출분말', 'AP 콜라겐 효소분해 펩타이드', '민들레 등 추출복합물', 'Collactive 콜라겐펩타이드', '저분자콜라겐펩타이드', '옥수수배아추출물', '프로바이오틱스 HY7714', '콩·보리 발효복합물', '밀배유추출물', '석류농축액', '석류농축분말', 'PME88 메론추출물', '허니부쉬추출발효분말', '피쉬 콜라겐펩타이드', '저분자콜라겐펩타이드NS', '로즈마리자몽추출복합물', '배초향 추출물(AgatriⓇ)', '수국잎열수추출물', '밀 추출물(CeratiqⓇ)']","['엽록소 함유 식물', '클로렐라', '스피루리나', '포스파티딜세린', 'NAG(엔에이지,N-acetylglucosamine)', '알로에 겔', '히알루론산', '곤약감자추출물']"
8,8,혈압조절,[],"['정어리펩타이드', '사탕수수왁스알코올', '가쯔오부시올리고펩타이드', '카제인가수분해물', '올리브잎주정추출물', 'L-글루타민산 유래 GABA 함유 분말', '해태올리고펩티드', '연어 펩타이드', '서목태(쥐눈이콩) 펩타이드 복합물', '나토균배양분말', '포도씨효소분해추출분말', '오가피열매추출물', '올리브잎주정추출물 EFLA943']",['코엔자임Q10']
9,9,혈중 중성지방,"[{'질문': '혈중 중성지방이란 무엇일까요?', '답변': {0: '혈중 중성지방은 식사로부터 들어오는 지방이나 간에서 합성되는 지방이 혈액 속에 있는 형태로, 혈중 지방 중 가장 많은 비중을 차지합니다. 정상수준의 중성지방 농도는 150㎎/㎗ 이하이며, 200~399㎎/㎗ 이면 경계수준, 400㎎/㎗ 이상이면 고위험군으로 인체에 나쁜 영향을 미칠 수 있으므로 주의해야 합니다. '}}, {'질문': '혈중 중성지방을 개선하는 것이 왜 중요할까요?', '답변': {0: '혈중 중성지방은 혈관건강에 나쁜 콜레스테롤 (LDL-콜레스테롤)의 생성을 돕고, 좋은 콜레스테롤 (HDL-콜레스테롤)의 분해를 촉진하므로, 혈중 중성지방 수치가 높아지면 동맥경화의 위험이 높아집니다. 따라서 혈중 중성지질의 수치가 높으면 심장병. 뇌졸중 등 혈관질환이 발생하지 않도록 주의해야 하며, 특히 당뇨병 환자는 혈중 중성지방 수치가 높아지지 않도록 유지하는 것이 중요합니다. '}}, {'질문': '혈중 중성지방이 증가하는 원인은 무엇일까요?', '답변': {0: '소금 및 포화지방산(동물성 지방, 인스턴트식품 등) 과다 섭취, 과체중, 과도한 스트레스, 흡연은 혈압 유지에 해로울 수 있습니다. '}}, {'질문': '혈압조절을 위한 일상적인 방법은 무엇일까요?', '답변': {0: '혈중 중성지방을 증가시키는 식사요인으로는 술을 많이 마시거나, 기름진 음식 또는 밥, 빵, 면류, 단 음식 등 탄수화물이 많이 들어있는 음식을 많이 먹는 식습관이 있으며, 갑상선 기능저하증, 간질환자, 신장질환자, 당뇨병 등의 질병에서도 증가하게 됩니다.'}}, {'질문': '혈중 중성지방 개선을 위한 일상적인 방법은 무엇일까요?', '답변': {0: '혈중 중성지방 수치를 낮추기 위해선 탄수화물의 섭취량을 제한하고 총 지방과 단백질을 적정하게 섭취하여, 표준체중을 유지하여야 합니다. 따라서 기름이 많은 부위의 고기와 식용유, 버터가 많이 들어간 케이크, 머핀의 섭취를 주의해야 하며, 탄수화물을 섭취할 때에도 쌀밥 대신 잡곡밥으로 섭취하는 것이 좋습니다. 술은 칼로리가 높으며 곁들여 먹는 안주는 기름진 음식이 많기 때문에 가급적 마시지 않는 것이 좋습니다. 중성지방을 원천적으로 줄이기 위해선 식품의 요리방법도 중요한데, 예를 들어 재료를 튀기거나 볶는 방법 보다는 찌거나 삶는 방법을 이용하는 것이 좋습니다. '}}, {'질문': '혈중 중성지방 개선과 관련된 건강기능식품은 우리 몸에 어떤 도움을 줄까요?', '답변': {0: '흔히 오메가-3라고 불리는 불포화지방산에는 리놀렌산(linolenic acid), EPA(eicosapentanoicacid), DHA(docoxahexanoicacid)가 있습니다. EPA 및 DHA는 청어, 고등어, 정어리, 참치, 연어 등에 많이 들어 있습니다. 이들은 간에서의 중성지방 합성을 감소시켜 혈중 중성지방 농도를 낮추며 혈소판이 뭉쳐서 굳는 것을 억제하여 혈전 생성을 방지하는 효과가 있습니다.', 1: '수용성 섬유소는 음식물이 위에서 장으로 배출되는 것을 느리게 하고, 장에서의 음식물 이동시간을 증가시키며, 혈당이 급격히 상승하는 것을 막아주며, 혈중 중성지방을 저하시키는 작용을 갖고 있습니다. 음식이 장에 머무는 시간에 변화를 주어 몸에 해로운 콜레스테롤이 담즙산과 결합하여 배설되도록 하는 작용을 돕고 재흡수 되지 않도록 함으로써 혈중 중성지방의 농도에 영향을 줍니다. '}}]","['식물성유지 디글리세라이드', '정제오징어유', '글로빈 가수분해물']","['EPA 및 DHA함유 유지', '난소화성말토덱스트린']"
10,10,혈행,"[{'질문': '혈행이란 무엇일까요?', '답변': {0: '혈행이란 혈액이 혈관을 통해서 신체의 각 부분으로 이동하는 것을 의미합니다. 혈액은 신체의 각 조직으로 산소와 영양분을 공급하고, 세포에서 만들어낸 노폐물을 제거해 주며, 우리 몸에 필요한 호르몬을 운반하고, 외부 유해물질로부터 세포를 방어하며, 적당한 체온을 유지시켜주고, 지혈작용을 하는 등 신체내의 항상성을 유지시켜주는 역할을 합니다. 따라서 원활한 혈액의 흐름은 신체기능을 유지하는데 매우 중요합니다. '}}, {'질문': '혈행개선이 왜 중요할까요?', '답변': {0: '혈행개선에는 혈액을 구성하는 혈장 및 혈구세포가 주로 관여합니다. 이들 조직은 혈류의 항상성을 유지시키며 혈관의 손상된 부위나 염증 부위에서 정상적인 지혈과 보호 작용을 유지함으로써 인체의 정상적인 기능을 유지합니다. 그러나 혈장 내의 coagulation factors의 지나친 활성화, 혈소판 응집 촉진, 적혈구 변형능 이상은 혈류의 항상성을 파괴하여 동맥경화, 뇌졸중 등의 심혈관계 질환을 발생시킵니다. 또한 과도한 지혈작용 및 혈괴의 생성은 혈액의 흐름을 방해하여 혈행 이상을 초래하며 혈전과 같은 병변을 유발합니다. 따라서 혈행 개선은 만성 성인병 예방에 매우 중요하다고 할 수 있습니다.', 1: '혈소판  : 혈액 성분의 하나로 혈액응고와 지혈작용에 중요한 역할을 함\r혈전  : 생물체의 혈관 속에서 피가 굳어서 된 조그마한 핏덩이'}}, {'질문': '혈행이 저하되는 원인은 무엇일까요?', '답변': {0: '혈관의 내피세포는 혈액덩어리를 분해하는 물질을 생성하고, 혈류량 및 속도를 조절하기도 하는 중요한 부분입니다. 내피세포가 어떤 자극에 의하여 손상을 받으면, 그 안으로 콜레스테롤이 쌓여, 플라그를 형성하게 됩니다. 플라그가 쌓인 혈관 부분은 부풀어 오르게 되고, 혈관이 좁아져 혈액의 흐름을 방해할 수 있습니다.\r높은 혈당, 높은 혈압, 높은 LDL 콜레스테롤, 흡연과 스트레스로 인한 혈관 수축, 과체중도 혈액 흐름을 저하시킬 수 있습니다.'}}, {'질문': '혈액 흐름 개선을 위한 일상적인 방법은 무엇일까요?', '답변': {0: '혈액의 흐름은 다양한 요인에 의하여 조절이 된다고 알려져 있습니다. 특히 혈중 콜레스테롤, 지방, 포도당 등과 밀접한 관계가 있어 적절한 식이로 조절할 수 있습니다. 따라서 동물성 지방, 인스턴트 식품, 과도한 소금 등의 섭취를 줄이고 채소, 과일, 생선, 식물성 지방, 도정하지 않은 곡류 등의 섭취를 높이는 것이 혈액의 흐름에 도움을 줄 수 있습니다.'}}, {'질문': '혈액 흐름 개선과 관련된 건강기능식품은 우리 몸에 어떤 도움을 줄까요?', '답변': {0: '혈액의 혈소판과 혈액응고인자들은 손상된 혈관부위에 응고됨으로써 지혈작용을 합니다. 그러나 여러 조절 물질들에 의하여 과도한 혈액응고가 일어나면, 혈액의 흐름에 방해가 될 수 있습니다. EPA·DHA/감마리놀렌산 등을 함유한 건강기능식품은 과도한 혈액응고작용을 방해하여, 혈액을 원활히 흐르는데 도움을 줄 수 있습니다. '}}]","['피크노제놀-프랑스해안송껍질추출물', 'PME88 메론추출물', '정제오징어유', 'HK나토배양물', '나토균배양분말', '카카오분말', 'L-아르기닌', '상황버섯등추출복합물']","['홍삼', '은행잎 추출물', 'EPA 및 DHA함유 유지', '감마리놀렌산 함유 유지', '영지버섯 자실체 추출물']"
11,11,기억력,"[{'질문': '기억력이란 무엇일까요?', '답변': {0: '기억력은 필요한 정보를 받아들여 뇌 속에 저장했다가 필요 할 때 꺼내어 사용하는 능력입니다. 즉, 기억은 학습에 의해 저장된 정보라 할 수 있으며, 그 특성에 따라 감각기억, 단기기억, 장기기억으로 나눌 수 있습니다. 감각기억이란 정보가 감각기관을 통하여 저장되는 과정이며, 이 정보들 중 주의를 기울인 정보만이 단기기억으로 넘어가게 됩니다. 단기기억은 현재 의식하고 있는 정보에 대한 상대적으로 짧은 기억입니다. 장기기억은 나중에 재생할 수 있는 비교적 영구히 저장된 기억이라고 할 수 있습니다. 망각이란 기억의 쇠잔, 소멸을 뜻하며, 기억 관련 신경세포들이 활용되지 않을 때 화학적으로 쇠퇴하게 되는 것을 말합니다. 따라서 기억력을 개선하기 위해서는 특정 단백질 또는 관련 인자들의 순기능을 높이거나 관련 부위 신경세포의 작용과 생리를 활성화시킬 수 있는 조치가 필요합니다.'}}, {'질문': '기억력을 유지하는 것이 왜 중요할까요?', '답변': {0: '대뇌에서 기억을 저장해 두는 공간은 해마입니다. 신경세포는 연락망을 만들어 서로 신호를 보내, 순식간에 여러 가지를 판단하고 느낄 수 있게 하는데 해마의 신경세포가 손상되면, 기억능력이 감퇴하게 됩니다. 또한 뇌세포가 손상되어 신경전달물질인 아세틸콜린이 부족해지면 알츠하이머 형 치매를 유발할 수 있으므로 건강한 뇌세포를 유지하는 것이 중요합니다.'}}, {'질문': '기억력이 감퇴되는 원인은 무엇일까요?', '답변': {0: '30세를 넘으면 뇌세포가 감퇴되기 시작합니다. 지속적인 스트레스와 긴장은 뇌세포의 피로를 촉진시켜 기억력을 떨어뜨리고 우울, 초조 등의 심리적인 요인도 지각력과 기억력을 떨어뜨려 건망증을 심화시킬 수 있습니다. 또한 신체적인 피로와 수면부족, 지나친 알코올 섭취 역시 기억력 감퇴를 촉진할 수 있으며, 치매 등으로 뇌가 위축되고 뇌신경세포의 파괴가 이루어지면 기억력 장애가 올 수 있습니다.'}}, {'질문': '기억력을 유지하기 위한 일상적인 방법은?', '답변': {0: '두뇌로 가는 산소의 공급을 높이기 위해 정기적인 운동을 충분히 하고, 채소와 과일, 건강에 좋은 지방(오메가-3 등)과 전곡류(통밀, 현미 등)가 풍부한 식사를 합니다. 흡연은 혈관장애의 위험을 증가시켜 결과적으로 뇌졸중이나 뇌의 산소 공급을 감소시키는 원인이 되기 때문에 반드시 끊어야 합니다. 잠을 푹 잘자는 것도 기억력 향상에 도움을 줍니다.'}}, {'질문': '기억력 개선과 관련된 건강기능식품은 우리 몸에 어떤 도움을 줄까요?', '답변': {0: '뇌세포를 손상시키는 물질은 여러 가지가 있습니다. 에너지를 만드는 과정에서 생긴 활성산소뿐만 아니라 베타아밀로우즈라는 독성물질 역시 뇌세포를 공격할 수 있습니다. 참당귀주정추출분말 등을 함유한 건강기능식품은 이런 유해물질을 조절하여 뇌세포가 손상 받지 않도록 보호하는데 도움을 줄 수 있습니다. ', 1: '기억력은 대뇌의 피질 특히 해마와 관련이 많습니다. 해마에서 신경전달물질이 필요한 양만큼 존재해야 뇌세포 간에 신호가 원활히 이루어 질 수 있고, 인지 능력이 저하된 상태에서는 신경전달물질의 활동이 적어지는 것을 볼 수가 있습니다. 녹차에 있는 테아닌은 신경전달물질을 조절하여 저하된 인지능력을 개선하는데 도움을 줄 수 있습니다. ', 2: '뇌세포는 다른 세포에 비해 특히 인지질(레시틴, 포스파티딜세린 등)이 많이 함유되어 있습니다. 인지질은 세포를 보호하는 막을 구성하여, 뇌세포가 그 기능을 원활히 수행할 수 있도록 도와줍니다. 특히 달걀 노른자에 있는 레시틴은 신경전달물질인 아세틸콜린의 원료가 되므로 뇌기능 유지에 도움을 줄 수 있습니다. '}}]","['BT-11 원지추출분말', '당귀등추출복합물', '비파엽추출물', '구기자추출물', '천마 등 복합추출물(HX106)', '유산균 발효 다시마추출물', '피브로인추출물 BF-7', '포도블루베리추출혼합물(MemophenolTM)']","['홍삼', '은행잎 추출물', 'EPA 및  DHA 함유유지 ']"
12,12,간,"[{'질문': '간이 하는 역할은 무엇일까요?', '답변': {0: '간은 우리 몸에서 가장 큰 장기로, 혈액을 통해 공급받은 영양분을 우리 몸에 필요한 물질로 만들어 저장하며, 체내에서 생성된 여러 종류의 유해물질과 외부에서 들어온 약물, 음식, 박테리아로부터 생성된 독소, 식품 첨가물과 같은 여러 화합물에 포함된 독성을 제거하는 해독작용의 역할을 합니다. 즉 다양한 화학반응을 통해 이러한 독성물질을 유독성이 적은 물질로 변화시키거나 배설하기 쉬운 수용성 물질로 만들어서 신체를 보호하게 됩니다.\r간의 모세혈관에는 쿠퍼 세포라는 특수 세포가 있어 이물질을 먹어 버리는 식세포 작용에 의해 혈액 속의 이물질을 제거하고, 면역글로불린이나 면역체 형성 등에 관여합니다. 또한 간은 하루에 500~1,000㎖ 가량의 담즙을 생성하는데, 담즙은 담관을 통하여 십이지장으로 분비되어 지방이 쉽게 소화, 흡수될 수 있도록 지방을 유화시키는 작용을 합니다.간의 기능을 유지하는 것이 왜 중요할까요?'}}, {'질문': '간의 기능을 유지하는 것이 왜 중요할까요?', '답변': {0: '간은 영양소를 가지고 몸에 필요한 여러 가지 물질을 만드는 대사작용, 해독작용, 면역작용, 담즙형성과 같은 여러 가지 기능을 하는데, 간의 기능이 저하되면 이러한 기능들이 제대로 이루어지지 않습니다.\r간의 기능이 떨어지게 되면 간염, 간경화, 간성뇌증, 지방간, 알코올성 간 질환 등과 같은 간 질환이 발생할 수 있습니다. 간은 간세포가 서서히 파괴되어 반 이상의 기능이 저하되어도 특별한 증상이 나타나지 않아, 많이 나빠지지 않는 한 아무런 증상이 나타나지 않습니다. 따라서 자신의 건강을 과신하여 지나친 음주 등으로 간을 혹사시키게 되면 간경변증, 간암 등으로 진행될 수 있으므로 간의 기능을 유지하는 것이 중요합니다.'}}, {'질문': '간 기능이 저하되는 원인은 무엇일까요?', '답변': {0: '간 기능 저하는 간염 바이러스와 과량의 알코올 섭취가 가장 일반적인 원인이 되며 그밖에도 약물, 영양불량, 대사이상, 비만 등에 의해 일어날 수 있습니다.'}}, {'질문': '간 건강을 유지하는 일상적인 방법은 무엇일까요?', '답변': {0: '우리의 간은 바람직하지 않은 식생활, 지나친 음주 및 비만 등의 요인으로 그 기능이 저하될 수 있습니다. 따라서 간 기능을 개선하기 위해서는 바람직한 식생활을 통해 모든 음식을 골고루 섭취하는 것이 중요하며, 간에 유익한 술은 없으므로 절제하는 음주 습관이 필요합니다. 또한 적당한 운동은 건강한 간을 유지하는데 도움이 되는데, 무리한 운동으로 인한 급격한 체중 감소는 오히려 심각한 지방간 및 지방간염 뿐 아니라 간 손상을 일으킬 수 있으므로 피해야 합니다. '}}, {'질문': '간 개선과 관련된 건강기능식품은 우리 몸에 어떤 도움을 줄까요?', '답변': {0: '헛개나무 추출물, 표고버섯균사체 추출물, 밀크씨슬(엉겅퀴 종류) 추출물은 간세포가 쉽게 파괴되지 않도록 생존율을 높이는데 도움을 줍니다.', 1: '단백질 합성을 도와 간이 딱딱해지는 섬유화 현상을 억제시키는 효과가 있습니다. '}}]","['표고버섯균사체추출물', 'HK표고버섯균사체', '복분자추출분말', '유산균발효 다시마추출물', '도라지추출물', '유산균발효마늘추출물', '곰피추출물', '헛개나무과병추출분말', '댕댕이나무열매추출분말']",['밀크씨슬(카르두스 마리아누스)추출물']
13,13,눈,"[{'질문': '눈이 하는 역할은 무엇일까요?', '답변': {0: '눈은 빛을 감지하는 시각기관으로 명암, 색 감지, 사물의 모양, 사물의 크기, 멀고 가까움 등을 구분합니다. 눈의 구조는 공막(흰자위막), 포도막(혈관막), 망막으로 이루어졌는데, 공막은 안구의 가장 바깥층이며, 포도막은 가운데 위치한 층으로 홍채, 모양체, 맥락막 등의 조직이 있습니다. 망막은 시세포가 있어 눈으로 받아들인 빛을 감지하며 망막 중 빛이 직접 도달하는 부분을 황반이라 합니다. '}}, {'질문': '건강한 눈을 유지하는 것이 왜 중요할까요?', '답변': {0: '눈의 기능이 나빠질 경우, 시력이 저하되거나, 야맹증 또는 안구건조증 등의 증상이 나타나기 쉽습니다. 야맹증이란 밝은 곳에서 어두운 곳으로 들어갈 때 적응을 하지 못하거나, 희미한 불빛 아래 또는 어두운 곳에서 사물을 분간하기가 어려운 증상을 말합니다. 안구건조증은 눈의 점액 생성이 잘 이루어지지 않아 안구표면이 손상되고 눈이 시리고, 자극감, 이물감, 건조감 등 자극증상을 느끼게 되는 질환입니다. 개인차가 있지만 40세 이후가 되면 가까운 곳이 잘 안 보이는 노안 증상 및 황반변형 현상이 나타나기 시작하기 때문에 윤택한 삶을 위해서는 눈 건강에 각별한 주의가 필요합니다.'}}, {'질문': '눈의 기능이 저하되는 원인은 무엇일까요?', '답변': {0: '시력이 나빠지는 원인은 원근조절을 하는 모양근의 퇴화 또는 시신경이나 망막 등의 노화 때문에 생깁니다. 또한 황반변성이 일어나는 가장 큰 원인으로는 노화를 들 수 있으며, 그 밖에 유전, 인종, 흡연 등이 원인이 될 수 있습니다. 어린이와 청소년에게 많이 일어나는 급격한 시력저하는 공부나 독서 등 눈을 과하게 사용하거나 텔레비전·게임기·컴퓨터 사용이 많은 경우, 조명, 스트레스, 영양상태, 잘못된 식습관, 내분비의 평형관계 등이 원인이 되어 나타날 수 있습니다. 한편 비타민 A, 베타카로틴, 루테인 등의 영양소가 부족할 때 야맹증이나 안구건조증, 백내장, 황반 퇴화와 같은 안과 질환이 생길 수 있습니다.'}}, {'질문': '눈 건강을 유지하는 일상적인 방법은 무엇일까요?', '답변': {0: '건강한 눈을 유지하기 위해서는 바른 자세를 갖고 적당한 밝기에서 책이나 TV, 컴퓨터 등을 이용해야 합니다. 중간 중간 눈의 휴식을 취해주고 먼 곳을 바라봅니다. 하루에 여러 번 안구운동과 어깨의 근육을 풀어줍니다. 물을 충분히 섭취하고 눈 건강에 도움을 주는 비타민 A, 베타카로틴, 루테인, 지아잔틴이 많은 간, 달걀노른자, 과일과 녹황색채소를 충분히 섭취합니다. 편식하지 않고 골고루 음식을 섭취합니다. 술이나 담배를 피하고 스트레스를 줄이도록 합니다.'}}, {'질문': '눈 건강과 관련된 건강기능식품은 우리 몸에 어떤 도움을 줄까요?', '답변': {0: '비타민 A의 알데히드 형태인 레티날은 눈의 간상세포에서 단백질인 ‘옵신’과 결합하여 ‘로돕신’을 형성하며, 이것은 약한 빛을 감지할 수 있어 어두운 곳에서의 시각기능에 필수적입니다. ', 1: '루테인, 지아잔틴은 중심시력을 관장하는 눈의 황반색소 밀도를 높여주며 나이가 들어 시력이 흐려지는 노인성 황반변성을 예방 또는 개선시켜 줍니다. 그러므로 충분한 루테인 및 지아잔틴의 섭취는 황반색소의 밀도를 유지시킴으로서 시력개선, 백내장 예방, 황반 퇴화 예방 등에 도움을 줍니다. ', 2: '베타카로틴, 아스타잔틴, 안토시아닌은 항산화 작용을 통해 체내에서 생성되는 유해물질인 자유 라디칼을 제거하여 혈관을 보호하고 미세혈관 순환을 증가시킵니다. 이로서 눈에 혈액 및 영양성분 공급이 원활하게 되고 근육이 이완되어, 눈의 피로도 개선에 도움을 줍니다.'}}]","['루테인/지아잔틴 복합 추출물', '루테인지아잔틴복합추출물', '루테인지아잔틴복합추출물20%', '지아잔틴추출물', '차즈기추출물', '빌베리추출물', '마리골드추출물(루테인에스테르)', '포도과피 효소발효추출물(KL-GEFE)']","['EPA 및 DHA 함유 유지', '마리골드꽃추출물', '헤마토코쿠스추출물', '빌베리 추출물']"
14,14,긴장완화,"[{'질문': '긴장,스트레스란 무엇일까요?', '답변': {0: '인체에 가해지는 해로운 인자나 자극에 따른 긴장상태를 스트레스라고 합니다. 스트레스가 일어나는 단계를 3단계로 나누고 이 증후군을 일반적응증후군이라고 하는데, 1단계(경고반응기)는 스트레스에 대해 적극적으로 저항을 나타내는 시기로 1~48시간 안에 반응이 나타납니다. 2단계(저항기)는 1단계를 지나고도 계속 자극에 노출되면 2단계로 이행되며 저항이 가장 강한 시기이나 다른 자극에 대해서는 저항력이 약화됩니다. 3단계(피폐기)는 저항력이 떨어지고 정상적인 기능을 유지할 수 없게 되는 단계입니다. '}}, {'질문': '긴장 및 스트레스를 줄이는 것이 왜 중요한가요?', '답변': {0: '스트레스 요인이 주어지면 코르티솔(Cortisol)과 같은 스트레스 호르몬이 혈중으로 분비되어 우리 몸을 보호하려고 힘과 에너지를 제공하는 신체증상이 일어납니다. 우선 신체부위에 혈액공급을 원활히 할 수 있도록 혈압이 증가하며 뇌, 심장, 근육으로 가는 혈류는 증가하는 반면 피부, 소화기관, 신장, 간으로 가는 혈류는 감소합니다. 그로 인해 우리 몸은 산소공급을 위해 호흡이 빨라지고, 소화기능은 떨어지며 근육은 긴장하고, 정신과 감각기관이 예민해지게 됩니다. 이 상태를 장기간 두게 되면 저항력이 떨어지게 되고 정상적인 기능을 유지할 수 없게 될 수 있으므로 스트레스를 적게 받거나 완화시키는 것이 건강을 위해 중요합니다.'}}, {'질문': '긴장 또는 스트레스의 원인은 무엇일까요?', '답변': {0: '스트레스의 원인은 외적원인과 내적원인으로 나눌 수 있는데 대부분 자기 자신의 내적원인에 기인합니다. 외적인 원인으로는 소음, 강력한 빛, 열, 한정된 공간, 사회적 관계가 있으며, 내적인 원인으로는 수면, 과중한 업무, 부정적인 생각, 경직된 사고 등이 있습니다.'}}, {'질문': '긴장완화를 위한 일상적인 방법은 무엇일까요?', '답변': {0: '스트레스로 인한 질병을 예방하려면 규칙적인 생활과 건전한 생활리듬을 유지하고 취미생활, 오락, 스포츠 등으로 심신의 스트레스를 해소하여야 합니다. 원만한 대인관계와 즐거운 생각을 갖는 노력과 습관이 필요합니다.'}}, {'질문': '긴장완화와 관련된 건강기능식품은 우리 몸에 어떤 도움을 줄까요?', '답변': {}}]","['아쉬아간다 추출물', '돌외잎추출물']","['테아닌', '유단백가수분해물']"
15,15,인지능력,"[{'질문': '인지능력이란 무엇일까요?', '답변': {0: '인지능력이란 사물을 분별하여 인지할 수 있는 능력을 의미합니다. 인지능력을 유지하는 것은 기억력이나 집중력을 저하시킬 수 있는 여러 요인을 조절함으로써, 정상적인 뇌의 기능을 유지하는 것으로 이해할 수 있습니다.'}}, {'질문': '인지능력 개선이 왜 중요할까요?', '답변': {0: '대뇌의 겉 부분은 깊은 주름으로 되어 있는데 여기에는 많은 신경세포가 있습니다. 신경세포는 연락망을 만들어 서로 신호를 보내, 순식간에 여러 가지를 판단하고 느낄 수 있게 할 뿐만 아니라 두뇌 활동에 필요한 에너지를 만들어 내기도 합니다. 따라서 신경세포가 손상되면 정상적인 뇌기능을 수행할 수 없게 됩니다. 특히 뇌세포는 다른 세포와는 달리, 일단 손상되면 다시 만들어지지 않는다고 알려져 있으므로, 건강한 뇌세포를 유지하는 것이 중요합니다.'}}, {'질문': '인지능력이 감소하는 원인은 무엇일까요?', '답변': {0: '30세를 넘으면 뇌세포가 감퇴되기 시작합니다. 지속적인 스트레스와 긴장은 뇌세포의 피로를 촉진시켜 일의 능률을 떨어뜨리고 우울, 초조 등의 심리적인 요인도 지각력을 떨어뜨릴 수 있습니다. 또한 신체적인 피로와 수면부족, 약물 및 정신자극제, 지나친 알코올 섭취 역시 인지능력을 감소를 촉진 할 수 있으며, 치매 등으로 뇌가 위축되고 뇌신경세포의 파괴가 이루어져 기억력 장애 등이 올 수 있습니다.'}}, {'질문': '인지능력 개선을 위한 일상적인 방법은 무엇일까요?', '답변': {0: '사람의 뇌세포는 나이가 들수록 감퇴하기 시작하므로, 기억력과 집중력의 감퇴는 노화의 자연스러운 현상일 수 있습니다. 그러나 정상적인 두뇌 활동에 필요한 산소와 영양소를 원활하게 공급해 주면서, 뇌세포의 손상을 초래하는 요인을 줄이면, 인지능력 감퇴의 속도를 늦출 수 있다고 알려져 있습니다. 따라서 충분한 영양섭취를 해야 하고 스트레스, 과도한 알코올 섭취, 약물 및 정신자극제 등은 피하는 것이 좋습니다.'}}, {'질문': '인지능력 개선과 관련된 건강기능식품은 우리 몸에 어떤 도움을 줄까요?', '답변': {0: '뇌세포를 손상시키는 물질은 여러 가지가 있습니다. 에너지를 만드는 과정에서 생긴 활성산소뿐만 아니라 베타아밀로우즈라는 독성물질 역시 뇌세포를 공격할 수 있습니다. 참당귀주정추출분말 등을 함유한 건강기능식품은 여러 유해물질을 조절하여 뇌세포가 손상 받지 않도록 보호하는데 도움을 줄 수 있습니다. ', 1: '기억력은 대뇌의 피질 특히 해마와 관련이 많습니다. 대뇌피질 특히 해마에서 신경전달물질이 필요한 양만큼 존재해야 뇌세포 간에 신호가 원활히 이루어 질 수 있습니다. 그런데 인지 능력이 저하된 상태에서는 신경전달물질의 활동이 적어지는 것을 볼 수가 있는데 이때 신경전달물질을 조절하여 저하된 인지능력을 개선하는데 도움을 줄 수 있습니다. ', 2: '뇌세포는 다른 세포에 비해 특히 인지질(포스파티딜콜린, 포스파티딜세린 등)이 많이 함유되어 있습니다. 인지질은 세포를 보호하는 막을 구성하여, 뇌세포가 그 기능을 원활히 수행할 수 있도록 도와줍니다. 따라서 뇌세포의 구성성분을 공급해 주고, 뇌기능에 필요한 효소나 신경전달물질 등의 원료를 공급해 주어 뇌기능 유지에 도움을 줄 수 있습니다.'}}]","['참당귀뿌리추출물', '참당귀추출분말(Nutragen)']",['포스파티딜세린']
16,16,전립선,"[{'질문': '전립선이 하는 역할은 무엇일까요?', '답변': {0: '전립선은 방광 바로 밑에 요도가 시작되는 부분을 싸고 있는 기관입니다. 이것은 결합조직으로 싸여있고 관모양의 많은 샘(우리 몸에 필요한 물질을 생산하는 조직)으로 이루어져 있습니다. 전립선에서는 우유와 같은 연한 알칼리성액을 분비하며, 이 액은 정자에 의해 생산되는 산성액과 질의 산성 분비를 중화시키는 작용도 가질 뿐 아니라 정자가 여성의 생식기까지 도달할 수 있도록 하는데 도움을 줍니다. 전립선은 평활근 수축의 결과로 사정과 함께 그 분비액을 분비합니다. 일반적으로 전립선은 사춘기 초반부터 발달하기 시작하여 몇 년 후에는 성인의 크기만큼 성장합니다. 그 후 20대부터 50대까지는 크게 변화가 없으나 나이가 들어가면서 점차 비대해져 전립선이 요도를 압박하여 배뇨를 방해할 수 있습니다. 75세 이상 남자의 70%가 발병하는 질환입니다.'}}, {'질문': '건강한 전립선을 유지하는 것이 왜 중요할까요?', '답변': {0: ""남성은 나이가 들면서 전립선의 크기가 커지게 되는데 이를 가리켜 전립선 비대증이라고 합니다. 전립선 비대증의 문제점은 전립선이 커지면서 요도가 압박되어 소변볼 때 문제가 생긴다는 점입니다. 소변을 보고 싶지만 쉽게 나오지 않는 '배뇨지연', 소변줄기가 가늘어지는 '세뇨', 힘을 줘야 소변이 나오는 '배뇨곤란', 소변보는 시간이 길어지는 '배뇨시간 연장', 소변을 다 봤는데 아직 남아 있는 것 같은 '잔뇨감', 소변이 마려워서 배가 아플 지경인데도 소변을 볼 수가 없는 '요폐색' 등이 여기에 해당합니다. 여기에 전립선이 방광을 자극해서 오는 증상도 있을 수 있는데 화장실 가는 사이에 그냥 실례해 버리고 마는 '급뇨', 소변을 자주 보는 '빈뇨', 밤에 자다 일어나서 소변을 보는 '야간뇨', 본인의 의지와는 상관없이 소변을 보게되는 '요실금' 등이 방광자극에 따른 증상이라고 할 수 있습니다.""}}, {'질문': '전립선 기능이 저하되는 원인은?', '답변': {0: '잦은 육식과 노령화에 따른 성호르몬의 부조화, 전립선 간질과 상피질간의 상호작용의 변화 등으로 전립선 기능이 저하될 수 있습니다.'}}, {'질문': '전립선 기능 개선을 위한 일상적인 방법은?', '답변': {0: '육류같이 지방분이 많은 음식은 되도록 줄이고, 탄수화물과 야채의 양을 늘리는 것이 좋습니다. 술을 많이 마시면 갑자기 소변량이 늘어나 방광에 무리가 갈 수 있기 때문에 과음은 피해야 합니다.'}}, {'질문': '전립선과 관련된 건강기능식품은 우리 몸에 어떤 도움을 줄까요?', '답변': {0: '나이가 들면서 호르몬의 변화(디하이드로테스토스테론의 증가) 등으로 전립선비대증이 발생하게 됩니다. 쏘팔메토열매추출물은 테스토스테론(남성 호르몬)을 디하이드로테스토스테론으로 전환시키는 효소(5-α-reductase)의 활성 저해로 전립선 비대증 증상 개선 효과를 나타냅니다.'}}]","['쏘팔메토열매추출물등복합물', '사군자추출분말']",['쏘팔메토열매추출물']
17,17,칼슘 흡수,"[{'질문': '칼슘이 하는 역할은 무엇일까요?', '답변': {0: '칼슘이란 인체 내에 가장 많이 함유되어 있는 무기질로 체중의 1.5~2.0%를 차지하며 이중 99%의 칼슘이 뼈와 치아에 함유되어 있고, 나머지 1%정도의 칼슘은 혈액, 세포내·외액, 근육 등에 존재하면서 혈액응고, 신경전달, 근육 수축 및 이완, 세포내 대사작용 등 다양하고 중요한 생리조절 기능을 담당하고 있습니다. 칼슘은 대부분 소장에서 흡수되며, 이때 칼슘이 얼마나 잘 흡수되는지는 식사에 포함된 다른 영양소나, 칼슘 급원식품의 종류, 개인의 칼슘 영양상태와 요구량 및 연령에 따라 큰 차이를 보입니다.'}}, {'질문': '칼슘 흡수가 건강에 중요한 이유는 무엇일까요?', '답변': {0: '칼슘의 흡수율은 다른 영양소에 비해 낮은 편입니다. 또한 체내의 필요량, 신체 생리상태, 섭취식품의 종류, 섭취량 및 소장 내 존재하는 여러 물질에 영향을 받습니다. 칼슘의 흡수율이 저하되면 같은 양의 칼슘을 섭취하더라도 소장에서 흡수되어 체내에 들어오는 칼슘양이 저하되므로 체내에서 효과적으로 칼슘을 이용할 수 없게 됩니다.'}}, {'질문': '칼슘 흡수 기능이 저하되는 원인은 무엇일까요?', '답변': {0: '칼슘과 인은 어느 한쪽의 양이 많을 때 다른 쪽의 흡수를 방해하는 성질이 있으므로 식사 시 칼슘과 인의 섭취가 균형을 이루지 않을 때 칼슘 흡수를 저해할 수 있습니다. 칼슘의 흡수를 용이하게 하는 비타민D가 부족할 때도 소장에서 칼슘의 흡수율을 저해할 수 있으며, 그 밖에 칼슘의 흡수율을 저하시키는 요인으로 지방, 피틴산, 수산, 섬유소의 과잉 섭취와 장내의 알칼리 환경, 폐경기로 인한 성호르몬 감소, 스트레스, 술과 담배 등이 있습니다.'}}, {'질문': '칼슘 흡수 개선을 위한 일상적인 방법은 무엇일까요?', '답변': {0: '비타민D는 소장 점막세포에서 칼슘의 흡수를 도와주고 체내의 칼슘을 재이용하도록 촉진시키므로, 비타민D를 적절히 섭취하도록 하며, 자외선에 의해 피부에서 비타민D가 합성되도록 햇볕에 적절히 노출해 주는 것이 칼슘 흡수에 도움이 됩니다. 그 밖에 인과 칼슘의 동일한 비율 섭취, 단백질, 젖당, 비타민C의 적절한 섭취 등도 칼슘의 흡수율을 높이는 작용을 합니다. 단백질은 칼슘과 결합하여 칼슘이 흡수되기 좋은 환경을 만들어 주고 젖당으로부터 형성된 젖산과 비타민C는 장내환경을 산성으로 만들어 칼슘의 용해도를 높여 칼슘 흡수율을 증가시킵니다. 식사 시 칼슘과 인을 비슷한 비율로 섭취하는 것도 흡수율을 높이는 방법입니다.'}}, {'질문': '칼슘 흡수와 관련된 건강기능식품은 우리 몸에 어떤 도움을 줄까요?', '답변': {0: '장내 환경을 산성화하여 칼슘의 용해도를 증가시키고, 세포를 통한 투과를 촉진시키며, 칼슘 결합 단백질의 합성을 유도하여 능동투과 또한 증가시킵니다. 식품으로 섭취된 칼슘은 주로 십이지장에서 흡수되는 것으로 알려져 있으나, 칼슘흡수에 도움이 되는 건강기능식품을 섭취하는 경우에는 대장을 통한 칼슘의 흡수가 증가합니다.'}}]","['프락토올리고당', '폴리감마글루탐산']",['쏘팔메토열매추출물']
18,18,운동수행 능력,"[{'질문': '근력과 운동수행능력이란 무엇일까요?', '답변': {0: '근력이란 어떤‘저항(무게·힘)에 대하여 근육이 한 번에 최대로 낼 수 있는 힘으로서 근육의 능력’즉 근육이나, 근조직이 단 한 번에 발휘할 수 있는 최대의 힘이라 할 수 있습니다. 운동수행능력이란 이러한 근력을 이용하여 운동을 수행하는 능력을 말합니다.근육은 우리가 섭취한 음식물로부터 체내에서 만들어지는 에너지의 형태인 ATP에너지를 사용하는데 근육 내부에 존재하는 ATP의 양은 아주 적기 때문에 그것만 가지고는 1초 이상의 근수축이 이루어질 수 없습니다. 그러나 실제로는 장시간에 걸쳐 운동을 지속할 수 있는데, 그것은 ATP에너지의 분해 후에 생성되는 ADP가 ATP로 재합성되기 때문입니다. 이 에너지를 다시 합성하기 위해서는 세포질내의 인산크레아틴을 인산과 크레아틴으로 분해하면서 생기는 에너지를 사용합니다. 그러므로 ATP에너지나 인산크레아틴이 원활히 공급되거나, 근육을 많이 사용할수록 근력 및 운동수행능력을 향상하는데 도움이 됩니다.'}}, {'질문': '운동수행능력의 향상은 왜 중요할까요?', '답변': {0: '근력의 약화로 인하여 운동수행능력이 떨어지게 되거나 불균형을 이루게 되면, 비정상적인 움직임이나 보행을 초래함으로써 정상적인 움직임을 손상시키며, 자세를 불량하게 만듭니다. 또한 운동수행능력 저하로 인해 운동량이 부족하게 되어 체력저하 및 비만, 고지혈증, 고혈압 등의 문제를 일으킬 수 있습니다. 그러므로 정상적인 건강한 생활을 하기 위해서는 적절한 근력을 유지하여 운동수행능력을 향상하도록 해야 합니다.'}}, {'질문': '운동수행능력이 저하되는 원인은 무엇일까요?', '답변': {0: '운동부족으로 인하여 활동량이 적어지게 되어 근육이 약화되므로 운동수행능력이 저하될 수 있습니다. 그 외 각종 질병, 스트레스의 가중, 영양의 불균형, 나이에 따른 호르몬 변화, 비만, 술과 담배 등도 근력의 약화의 원인이 되어 운동수행능력이 저하될 수 있습니다.'}}, {'질문': '운동수행능력을 향상하기 위한 일상적인 방법은 무엇일까요?', '답변': {0: '운동수행능력을 향상시키려면 적절한 유·무산소 운동을 통하여 근력을 향상시키는 것이 중요합니다. 운동수행능력이 떨어지지 않도록 규칙적인 운동을 하고, 근육을 만드는데 필요한 단백질, 근육의 에너지원으로 쓰이는 탄수화물, 그밖에 비타민·무기질을 적절히 섭취하도록 합니다. 비만은 운동수행능력을 떨어지게 하므로 적당한 체중을 유지하도록 합니다. 또한 술과 담배, 스트레스의 가중은 근력 활성에 방해가 될 수 있으므로 줄이는 것이 좋습니다.'}}, {'질문': '운동수행능력과 관련된 건강기능식품은 우리 몸에 어떤 도움을 줄까요?', '답변': {0: '운동량이 많고 운동시간이 길 경우 보다 많은 에너지를 필요로 하는데, 근육에 저장되어 있는 글리코겐과 지방을 효율적으로 써야 에너지의 부족현상이 나타나지 않습니다. 크레아틴을 함유한 건강기능식품은 체내에서 인산크레아틴이 전환되어 에너지를 생성하는 과정에 사용되므로 근력 운동 시 운동수행능력 향상에 도움을 줄 수 있습니다.'}}]","['헛개나무과병추출분말', '동충하초 발효 추출물']","['크레아틴', '옥타코사놀함유유지']"
19,19,요로,"[{'질문': '요로건강이란 무엇일까요?', '답변': {0: '요로계는 요를 생성하는 두 개의 신장, 일시적으로 요를 저장하는 방광, 요를 운반하는 두 개의 요관, 체외로 요를 배출시키는 요도로 구성됩니다. 요로계의 중요한 기능 중의 하나는 우리 몸에서 만들어진 노폐물을 포함한 각종 유해물질의 배설에 있으므로 요로계의 이상은 신체 내에 유해물질의 축적과 전해질의 불균형 등을 초래할 수 있습니다. 따라서 요로건강을 유지하는 것은 매우 중요합니다.'}}, {'질문': '요로건강에 어떤 문제가 생길 수 있나요?', '답변': {0: '요로 상피세포에 E. coli 등의 병원균이 부착하여 요로감염을 일으킬 수 있습니다. 요로감염이 걸리게 되면 신장의 손상이 발생하여 만성신우신염으로 이행될 수 있어 만성신부전 및 고혈압의 원인이 될 수 있습니다. 따라서 요로건강의 유지가 무엇보다 중요합니다. 국내에서 요로감염(UTIs; Urinary Tract Infections)은 여성의 경우 남성보다 25~30배나 감염율이 높고 일생동안 여성의 50%가 적어도 1번 이상은 걸리는 것으로 보고되고 있습니다. 그러나 대부분 요로감염의 치료 또는 예방은 의약품에 의존하고 있는 실정이며 부작용이나 약물내성병원균 증가 가능성이 높다는 측면에서 문제점이 대두되고 있습니다.'}}, {'질문': '요로건강을 위한 일상적인 방법은 무엇일까요?', '답변': {0: '매일 3~5잔 정도의 물을 마시거나 비타민 C, 오렌지 주스를 섭취합니다.\r\t\t\t\t\t\t대변을 본 후 앞에서 뒤쪽으로 닦아냅니다.\r\t\t\t\t\t\t변비를 개선시킵니다.'}}, {'질문': '요로건강과 관련된 건강기능식품은 우리 몸에 어떤 도움을 줄까요?', '답변': {0: '요로감염의 주된 원인균인 E. coli의 요로 상피에의 부착을 방지하고, E. coli의 소변 배출을 촉진하여 박테리아들이 요로를 군락화 하는 것을 막는데 도움을 줄 수 있습니다.'}}]","['파크랜 크랜베리 분말(PACran TM Whole Cranberry Powder', '크랜베리 추출물']","['크레아틴', '옥타코사놀함유유지']"
20,20,치아,[],['자일리톨'],"['크레아틴', '옥타코사놀함유유지']"
21,21,피로,[],"['헛개나무과병추출분말', '발효생성아미노산 복합물', '돈태반발효추출물']","['인삼', '홍삼', '매실추출물 ', '홍경천추출물 ']"
22,22,갱년기남성,[],"['MR-10민들레등복합추출물', '옻나무 추출분말', '호로파종자 등 추출복합물', '호로파종자추출물(TestofenⓇ)']","['인삼', '홍삼', '매실추출물 ', '홍경천추출물 ']"
23,23,갱년기 여성,[],"['백수오 등 복합추출물', '석류농축액', '석류추출물', '피크노제놀-프랑스해안송껍질추출물', '오미자추출물', '루바브뿌리추출물', 'Lactobacillus acidophilus YT1(HU038)', '대두등추출복합물', 'MS-10 엉겅퀴등복합추출물']","['홍삼', '회화나무열매추출물']"
24,24,과민피부상태,[],"['L. sakei Probio 65', '과채유래유산균(L.plantarum  CJLP133)', 'Lactobacillus rhamnosus IDCC3201 열처리배양건조물']",['감마리놀렌산 함유 유지']
25,25,배뇨기능,[],['호박씨추출물 등 복합물'],['감마리놀렌산 함유 유지']
26,26,위,[],"['매스틱 검', '비즈왁스알코올', '스페인감초추출물', '아티초크추출물', '인동덩굴꽃봉오리추출물(그린세라-F)', '작약추출물등복합물(HT074)']",['감마리놀렌산 함유 유지']
27,27,정자운동성,[],['마카젤라틴화분말'],['감마리놀렌산 함유 유지']
28,28,질,[],['마카젤라틴화분말'],['감마리놀렌산 함유 유지']
29,29,월경전변화,[],['감마리놀렌산 함유 유지'],['감마리놀렌산 함유 유지']
30,30,어린이키성장,[],['황기추출물등 복합물(HT042)'],['감마리놀렌산 함유 유지']
31,31,수면질,[],"['감태추출물', '미강주정추출물', '유단백가수분해물(락티움)']",['감마리놀렌산 함유 유지']
32,32,근력,[],['오미자추출물'],['감마리놀렌산 함유 유지']
